SMS,SM1,TL,Cd,R,Ie,DRIFT_LIMIT,rho,Ct,x
1.5614545521585663,0.6238057677102996,8.0,5.5,8.0,2.0,0.016,1.0,0.028,0.8
