column 0,column 1,column 2,column 3,column 4
0.18473403034030342,0.18892197585978834,0.18666005291005291,0.18892197585978834,0.18473403034030342
0.13626619516195163,0.14804440806878308,0.14202414021164023,0.14804440806878308,0.13626619516195163
0.29428076923076923,0.2545404985754986,0.22512725546058882,0.2545404985754986,0.29428076923076923
