column 0,column 1,column 2,column 3,column 4
0.08192248577779841,0.08246092970521543,0.08066501752216039,0.08248456744313888,0.081670964702808
0.0725362023584184,0.07652068576925719,0.07322187865045007,0.0765422620765478,0.07235293409735225
0.1418039027267525,0.12759321368512955,0.11531032165952802,0.12762680736951684,0.14165702801361715
