column 0,column 1,column 2,column 3,column 4
0.18292923329233293,0.18436170289855075,0.18274486714975846,0.18436170289855075,0.18292923329233293
0.13369278392783926,0.13650716787439615,0.1321473429951691,0.13650716787439615,0.13369278392783926
0.29808732193732196,0.2591604415954416,0.229320987654321,0.2591604415954416,0.29808732193732196
