column 0,column 1,column 2,column 3,column 4
0.20665491672370526,0.21129303851114797,0.2087396351575456,0.21129303851114797,0.20665491672370526
0.15223011635865846,0.1645872931638106,0.15824543946932007,0.1645872931638106,0.15223011635865846
0.2978447293447294,0.2591700094966762,0.2299810066476733,0.2591700094966762,0.2978447293447294
