joint 0,joint 1,joint 2,joint 3,joint 4
2.3825288002056504,1.521452845700669,1.5246031140657799,1.521452845700669,2.3825288002056504
1.7325513864989908,1.032381183065757,1.0346868730701175,1.032381183065757,1.7325513864989908
NA,NA,NA,NA,NA
