beam 0,beam 1,beam 2,beam 3
0.12286742675594702,0.12473296334278419,0.12424775291065937,0.130246325229736
0.12019595423377773,0.11980052683436891,0.11979208139792083,0.1264397458325793
0.11650507042965887,0.12301952305085603,0.11955949219836634,0.1361869357408391
