column 0,column 1,column 2,column 3,column 4
0.07926484670624298,0.07613251142372096,0.07485746835884818,0.07614971244381624,0.07901573253149172
0.07180291441234672,0.0698901633847619,0.06752696696157692,0.06990861085558872,0.07160950278598704
0.142257749496583,0.12737902660346367,0.11511579078947112,0.12741574528174748,0.14210071855328407
