beam 0,beam 1,beam 2,beam 3
0.5194677417772678,0.4908466103606919,0.4908466103606919,0.5194677417772678
0.47983987130062883,0.4502035843559637,0.4502035843559637,0.47983987130062883
0.5184861831139195,0.46862049733913613,0.46862049733913613,0.5184861831139195
