beam 0,beam 1,beam 2,beam 3
0.5073968130156777,0.4859235886637233,0.4859235886637233,0.5073968130156777
0.4781234265406405,0.45169322160501846,0.45169322160501846,0.4781234265406405
0.5199263546546252,0.4683118495951421,0.4683118495951421,0.5199263546546252
