joint 0,joint 1,joint 2,joint 3,joint 4
2.6121296139333365,1.836892635900808,1.8403082101257464,1.836892635900808,2.6121296139333365
1.8984728027989979,1.2168873612261648,1.219431038619581,1.2168873612261648,1.8984728027989979
NA,NA,NA,NA,NA
