column 0,column 1,column 2,column 3,column 4
0.09134212369666068,0.0921792803960694,0.0901474200341937,0.09220877361954047,0.09102365723515993
0.0809354282455254,0.08530309433069583,0.08175152880888852,0.08532997617500541,0.08070231998223937
0.14182739877461176,0.1281056755748524,0.11589664863935813,0.12814083175618798,0.14167153970402402
