column 0,column 1,column 2,column 3,column 4
0.07127908539745008,0.05892373683679291,0.05669537290909169,0.05892373683679291,0.07127908539745008
0.04346709189468957,0.039452433066100585,0.037728851491058105,0.039452433066100585,0.04346709189468957
0.03622385801210876,0.05640222009338785,0.052565626529405274,0.05640222009338785,0.03622385801210876
