beam 0,beam 1,beam 2,beam 3
0.4650684394910306,0.439384657731069,0.439384657731069,0.4650684394910306
0.43050988461421497,0.4029797495011058,0.4029797495011058,0.43050988461421497
0.5159714054725133,0.46578624220833276,0.46578624220833276,0.5159714054725133
