beam 0,beam 1,beam 2,beam 3
0.11085352437682794,0.11151054942892664,0.110946720688329,0.11800692264348386
0.10730580375110683,0.10623842872092089,0.10623520888674234,0.11304963016626866
0.1165239865462914,0.12304291530738691,0.11968555749437322,0.1359372834635713
