beam 0,beam 1,beam 2,beam 3
0.10363710014198611,0.10427252985884906,0.1037394972020379,0.11039547314791613
0.10040207132715274,0.09933533784348116,0.09931562682702746,0.10598095715359558
0.11604359810838834,0.12271165566598388,0.11929714488025696,0.13565971221202236
