column 0,column 1,column 2,column 3,column 4
0.07959745806575846,0.07032106370564989,0.06760598959591248,0.07032106370564989,0.07959745806575846
0.04808949939478184,0.04704449673716795,0.04500674594153466,0.04704449673716795,0.04808949939478184
0.036175843555328206,0.05635487059326759,0.05259190378225652,0.05635487059326759,0.036175843555328206
