joint 0,joint 1,joint 2,joint 3,joint 4
2.378099456497781,1.522425017884857,1.5258601545558437,1.522425017884857,2.378099456497781
1.7933378793916475,1.0656757148944584,1.0682037399036897,1.0656757148944584,1.7933378793916475
NA,NA,NA,NA,NA
