SMS,SM1,TL,Cd,R,Ie,DRIFT_LIMIT,rho,Ct,x
2.183871797919005,1.073327005645237,8.0,5.5,8.0,1.5,0.019,1.0,0.028,0.8
