column 0,column 1,column 2,column 3,column 4
0.1892150676506765,0.1931562466931217,0.18931547619047617,0.1931562466931217,0.1892150676506765
0.28147747863247863,0.28412408450704224,0.2745809076682316,0.28412408450704224,0.28147747863247863
0.3160846153846154,0.2794573646723647,0.2505080721747388,0.2794573646723647,0.3160846153846154
