joint 0,joint 1,joint 2,joint 3,joint 4
3.2343123104089853,2.3213044110733354,2.3261745609508964,2.3213044110733354,3.2343123104089853
1.8961350623925262,1.2169576344693158,1.2194062652141433,1.2169576344693158,1.8961350623925262
NA,NA,NA,NA,NA
