beam 0,beam 1,beam 2,beam 3
0.10486686711768142,0.10597786686711766,0.10508769731896767,0.11364110916228179
0.14550185873605948,0.1460689629011456,0.1458036820676226,0.15445262119717776
0.11883650709354374,0.12438681941177959,0.12134127405609084,0.13712343524770504
