column 0,column 1,column 2,column 3,column 4
0.14959789543458446,0.1450790605697339,0.14342042549503878,0.1451464619110206,0.14869210373684646
0.08430768951051092,0.08576543747513428,0.08255491192739751,0.0857995390147727,0.0840001320564053
0.14010314432979623,0.12854839346016902,0.11656852232710484,0.12858394026574166,0.13994142589565256
