joint 0,joint 1,joint 2,joint 3,joint 4
2.8845508071245187,1.9510056739499402,1.9558492901412914,1.9510056739499402,2.8845508071245187
1.7911988168641553,1.0657363008937446,1.0681821727900584,1.0657363008937446,1.7911988168641553
NA,NA,NA,NA,NA
