beam 0,beam 1,beam 2,beam 3
0.7553301922456714,0.7296342830358575,0.7296342830358575,0.7553301922456714
0.5035705711594738,0.48053309164214125,0.48053309164214125,0.5035705711594738
0.5215533393035381,0.47102002433769913,0.47102002433769913,0.5215533393035381
