beam 0,beam 1,beam 2,beam 3
0.7697120941412539,0.7386909652925889,0.7386909652925889,0.7697120941412539
0.5026442227519301,0.47542481582845325,0.47542481582845325,0.5026442227519301
0.5200904006844276,0.47153222206915973,0.47153222206915973,0.5200904006844276
