column 0,column 1,column 2,column 3,column 4
0.12889915364760485,0.10337242385166683,0.09975716886753147,0.10337242385166683,0.12889915364760485
0.04990074640407601,0.04696073275647203,0.04503566967229197,0.04696073275647203,0.04990074640407601
0.03633029693683433,0.05635471008648752,0.05259426552487753,0.05635471008648752,0.03633029693683433
