column 0,column 1,column 2,column 3,column 4
0.08393177469350704,0.08420627155912871,0.08114862914862915,0.08422963443963444,0.083675611739484
0.1460181321026909,0.14607627696562092,0.14117192219403166,0.14613614836293343,0.1454035469292822
0.1456484459991289,0.13017018912072437,0.11781617614028099,0.13021354841103827,0.14545118075941257
