column 0,column 1,column 2,column 3,column 4
0.3002005243055556,0.2995397313965341,0.29801885830784913,0.2995397313965341,0.3002005243055556
0.15465155801558017,0.15849427536231883,0.154705615942029,0.15849427536231883,0.15465155801558017
0.3001159544159544,0.262762212725546,0.23350807217473885,0.262762212725546,0.3001159544159544
