beam 0,beam 1,beam 2,beam 3
0.15088270996130795,0.1530337860051084,0.15264206054168883,0.15831537819588803
0.12484496591663151,0.12373740725101046,0.12392863606201365,0.1300025135227524
0.11681946235743369,0.1233212958045672,0.11989565789140938,0.1364436689173811
