column 0,column 1,column 2,column 3,column 4
0.11535893746704122,0.09349437524626145,0.09029407389346163,0.09349437524626145,0.11535893746704122
0.04526795766416416,0.0393748269718221,0.037754752831041266,0.0393748269718221,0.04526795766416416
0.0364245832053547,0.05639057188706287,0.052574316825068995,0.05639057188706287,0.0364245832053547
