beam 0,beam 1,beam 2,beam 3,beam 4
0.778036608464522,0.749085247389946,0.750355554275793,0.749085247389946,0.778036608464522
0.6231096711008766,0.5898471181929218,0.5821811554315024,0.5898471181929218,0.6231096711008766
