joint 0,joint 1,joint 2,joint 3,joint 4,joint 5
2.705280651213593,1.9504633539445755,1.953356386282553,1.953356386282553,1.9504633539445755,2.705280651213593
NA,NA,NA,NA,NA,NA
