column 0,column 1,column 2,column 3,column 4,column 5
0.1314870727003086,0.1360539491073627,0.13545649180041894,0.1354545779394724,0.13608648474345353,0.13064565135870604
0.11770759852745298,0.10317377781567764,0.09823908180053671,0.09823869902834739,0.1031843040508835,0.11744045933316628
