beam 0,beam 1,beam 2,beam 3,beam 4
0.8772871907903104,0.7971935876813284,0.7773101926871423,0.7971935876813284,0.8772871907903104
