SMS,SM1,TL,Cd,R,Ie,DRIFT_LIMIT,rho,Ct,x
2.0290493072097786,1.4963975027444818,8.0,5.5,8.0,1.25,0.022,1.0,0.028,0.8
