SMS,SM1,TL,Cd,R,Ie,DRIFT_LIMIT,rho,Ct,x
1.3717874296569117,1.428591006592632,8.0,5.5,8.0,2.0,0.023,1.0,0.028,0.8
