floor weight,floor dead load,floor live load,beam dead load,beam live load,leaning column dead load,leaning column live load
2317.8450000000003,95.0,40.0,3135.0,1320.0,227.8275000000001,38.51999999999998
2304.86,95.0,40.0,3135.0,1320.0,221.33500000000004,38.51999999999998
2304.86,95.0,40.0,3135.0,1320.0,221.33500000000004,38.51999999999998
2713.21,120.0,40.0,3960.0,1320.0,180.48500000000013,38.51999999999998
