floor weight,floor dead load,floor live load,beam dead load,beam live load,leaning column dead load,leaning column live load
2210.825,95.0,40.0,2090.0,880.0,507.04166666666663,185.73333333333335
2630.7000000000003,120.0,60.0,2640.0,1320.0,586.5000000000001,278.6
