column 0,column 1,column 2,column 3,column 4,column 5
0.14365582305435406,0.12026762564562807,0.11391211452865972,0.11390686650716382,0.12030086311510209,0.14328966778623803
