beam 0,beam 1,beam 2,beam 3,beam 4
0.17810007645145773,0.19032195554831163,0.18905140123014855,0.1860314936617008,0.20949249645332285
