column 0,column 1,column 2,column 3,column 4,column 5
0.41926217528494886,0.3497509985534244,0.3383986862974903,0.3383986862974903,0.3497509985534244,0.41926217528494886
