column 0,column 1,column 2,column 3,column 4,column 5
0.06287947394419471,0.05090529617693145,0.047719321969079895,0.047719321969079895,0.05090529617693145,0.06287947394419471
