column 0,column 1,column 2,column 3,column 4,column 5
0.35440248917016154,0.35098011924268535,0.3492386421390312,0.3492386421390312,0.35098011924268535,0.35440248917016154
0.26827172680115086,0.24092084986122428,0.22891674018781835,0.22891674018781835,0.24092084986122428,0.26827172680115086
