beam 0,beam 1,beam 2,beam 3,beam 4
0.18405433270796567,0.18071249510879325,0.18123241944775356,0.18066179150663955,0.19058627772877507
0.22062307900739087,0.22984117001719268,0.22893592405391647,0.2279941156620512,0.24202508789669436
