SMS,SM1,TL,Cd,R,Ie,DRIFT_LIMIT,rho,Ct,x
1.9014713405904868,1.7889485028831913,8.0,5.5,8.0,1.5,0.009,1.0,0.028,0.8
