SMS,SM1,TL,Cd,R,Ie,DRIFT_LIMIT,rho,Ct,x
1.1263468129086374,0.5386500849150441,8.0,5.5,8.0,2.0,0.017,1.0,0.028,0.8
