column 0,column 1,column 2,column 3,column 4,column 5
0.19751691563889853,0.17551054711986433,0.16287093439514616,0.16286710957204426,0.17553604594054387,0.19729439095594217
