column 0,column 1,column 2,column 3,column 4,column 5
0.07202594851263064,0.10280556546471456,0.09750693585749934,0.09750693585749934,0.10280556546471456,0.07202594851263064
