column 0,column 1,column 2,column 3,column 4,column 5
0.46258325979323994,0.3886234623838276,0.37174639811483595,0.37174639811483595,0.3886234623838276,0.46258325979323994
