beam 0,beam 1,beam 2,beam 3,beam 4
0.9626736593486444,0.8774703451582057,0.856062083868553,0.8774703451582057,0.9626736593486444
