SMS,SM1,TL,Cd,R,Ie,DRIFT_LIMIT,rho,Ct,x
1.6003641825941504,2.2456439969417725,8.0,5.5,8.0,1.5,0.019,1.0,0.028,0.8
