column 0,column 1,column 2,column 3,column 4,column 5
0.06984531636286043,0.10121978214205622,0.09776722722583062,0.09776722722583062,0.10121978214205622,0.06984531636286043
