column 0,column 1,column 2,column 3,column 4,column 5
0.21224375616749983,0.17376402882037323,0.16295891980317864,0.16295700739162766,0.17378187799484887,0.21201403003849312
