beam 0,beam 1,beam 2,beam 3,beam 4
0.20565889093513406,0.22766523429506857,0.22531205238387558,0.22295907509719667,0.24496541845713118
