column 0,column 1,column 2,column 3,column 4,column 5
0.5132648582206252,0.41633243309595985,0.40190757339319594,0.40190757339319594,0.41633243309595985,0.5132648582206252
