SMS,SM1,TL,Cd,R,Ie,DRIFT_LIMIT,rho,Ct,x
1.3926458634020806,0.8082891121653103,8.0,5.5,8.0,1.5,0.012,1.0,0.028,0.8
