SMS,SM1,TL,Cd,R,Ie,DRIFT_LIMIT,rho,Ct,x
0.1695981690674112,0.1288183247890435,8.0,5.5,8.0,1.25,0.024,1.0,0.028,0.8
