SMS,SM1,TL,Cd,R,Ie,DRIFT_LIMIT,rho,Ct,x
2.0677954621714294,0.1233271346824553,8.0,5.5,8.0,1.25,0.024,1.0,0.028,0.8
