SMS,SM1,TL,Cd,R,Ie,DRIFT_LIMIT,rho,Ct,x
1.2233213998753203,0.5245462160085241,8.0,5.5,8.0,1.0,0.022,1.0,0.028,0.8
