SMS,SM1,TL,Cd,R,Ie,DRIFT_LIMIT,rho,Ct,x
1.0593713983406026,0.3125230307975822,8.0,5.5,8.0,2.0,0.008,1.0,0.028,0.8
