SMS,SM1,TL,Cd,R,Ie,DRIFT_LIMIT,rho,Ct,x
2.9380380923542444,0.2230964124839711,8.0,5.5,8.0,1.0,0.019,1.0,0.028,0.8
