column 0,column 1,column 2,column 3,column 4
0.11928161319951953,0.11215555747561165,0.11117473884140551,0.11215555747561165,0.11928161319951953
0.11755371873223197,0.08618858633072635,0.0834104938271605,0.08618858633072635,0.11755371873223197
0.1802245382727232,0.14653573186206645,0.14480073800738008,0.14653573186206645,0.1802245382727232
0.17695961262811288,0.11423314205264781,0.11276629766297662,0.11423314205264781,0.17695961262811288
0.19974445774643768,0.11882583317812716,0.11820387359836901,0.11882583317812716,0.19974445774643768
0.22172280040061587,0.0949762662576302,0.09463200815494394,0.0949762662576302,0.22172280040061587
0.579704962367649,0.14934611743794868,0.11382630385487529,0.14934611743794868,0.579704962367649
