joint 0,joint 1,joint 2,joint 3,joint 4
2.6719557529009905,1.690573469077734,1.6955839675226787,1.690573469077734,2.6719557529009905
2.1422562629196436,1.333743096442471,1.3380350969181913,1.333743096442471,2.1422562629196436
2.7060509844720166,1.6848387247411496,1.691424904758229,1.6848387247411496,2.7060509844720166
2.401621533998468,1.5695536047557632,1.5755778746100704,1.5695536047557632,2.401621533998468
2.4528889514934247,1.7269954103775085,1.7335703321126783,1.7269954103775085,2.4528889514934247
1.5817104688270742,1.1822464297001694,1.1876470978589502,1.1822464297001694,1.5817104688270742
NA,NA,NA,NA,NA
