column 0,column 1,column 2,column 3,column 4
0.06079404947070482,0.051208938113055644,0.05030494277497924,0.0512131841516946,0.06062602791209296
0.07644381601277925,0.054752162390017775,0.05302800455484144,0.05475698743392568,0.07623640661105066
0.11558870951839532,0.08638006311168467,0.08516438269026118,0.08638693996951079,0.11520514254020219
0.12247623681617728,0.0782315441703336,0.07715507830162244,0.07823601412792058,0.122176176241584
0.13387551291342642,0.08003482405117796,0.07947970751124957,0.08003698742950956,0.1336500496568915
0.13951488623100317,0.05637385597807854,0.05622620283835237,0.05637493766724434,0.1394323925134429
0.22638350580796623,0.07507113699241895,0.05949627508682626,0.07507166722916965,0.22638350580796623
