beam 0,beam 1,beam 2,beam 3
0.13899540951037007,0.14103597216416333,0.14078595106500066,0.14532514929309315
0.14479213120588416,0.14528158641080577,0.1453837999788643,0.1491564768822892
0.1945525684335635,0.19576812321004233,0.19582920890125857,0.19924471662998397
0.1931103929702316,0.1953467889908257,0.1956395201129146,0.1980630439896495
0.2314206624383368,0.23411540521494004,0.23440721634954187,0.23710207188160676
0.22874057787174065,0.23385843551797036,0.2346638477801268,0.23978215644820292
0.2346012711708733,0.2627272126088394,0.2557337154193762,0.2838596568573423
