beam 0,beam 1,beam 2,beam 3
0.44207259339053634,0.42876689643860455,0.42876689643860455,0.44207259339053634
0.4658399436349973,0.4571113062831738,0.4571113062831738,0.4658399436349973
0.7171767717273636,0.7083338812687642,0.7083338812687642,0.7171767717273636
0.7019052549054633,0.6971742394555617,0.6971742394555617,0.7019052549054633
0.7432256489097274,0.7431902532434645,0.7431902532434645,0.7432256489097274
0.6816375203448787,0.6687923315131139,0.6687923315131139,0.6816375203448787
0.9840674196287632,0.9066160056008806,0.9066160056008806,0.9840674196287632
