SMS,SM1,TL,Cd,R,Ie,DRIFT_LIMIT,rho,Ct,x
1.1602597759494164,0.3992640886536495,8.0,5.5,8.0,1.25,0.012,1.0,0.028,0.8
