SMS,SM1,TL,Cd,R,Ie,DRIFT_LIMIT,rho,Ct,x
2.65833980732303,0.1998022599842847,8.0,5.5,8.0,1.75,0.021,1.0,0.028,0.8
