column 0,column 1
0.23813232079011126,0.237782419455137
