column 0,column 1
0.5304690648895194,0.5304239260006306
