SMS,SM1,TL,Cd,R,Ie,DRIFT_LIMIT,rho,Ct,x
1.3193651210259385,1.957566610285512,8.0,5.5,8.0,2.0,0.022,1.0,0.028,0.8
